"","MinTemp","MaxTemp","Rainfall","Evaporation","Sunshine","WindGustSpeed","WindSpeed9am","WindSpeed3pm","Humidity9am","Humidity3pm","Pressure9am","Pressure3pm","Cloud9am","Cloud3pm","Temp9am","Temp3pm","RISK_MM"
"MinTemp",1,0.749570594229239,0.192628416229922,0.645910281020534,0.0292204536883061,0.198151855618225,0.129732342948996,-0.0863659309117778,-0.205012999036614,-0.0388850647453037,-0.489930431220925,-0.486058594671801,0.207525892676913,0.110552687086098,0.915643956853159,0.720308770760226,0.216705594646045
"MaxTemp",0.749570594229239,1,-0.0842644561702421,0.686875021436849,0.453476787019962,0.0885672838107443,-0.216321537374416,-0.185232456023187,-0.359175279751457,-0.5350725155052,-0.274490407814457,-0.365461817200905,-0.181573829793313,-0.14913070806038,0.869727997032688,0.989104911485386,0.0255976553147124
"Rainfall",0.192628416229922,-0.0842644561702421,1,-0.0168001441926512,-0.154580798714213,0.0904941824911325,0.225298143861285,0.045619505613539,0.149969216929792,0.289866817856777,-0.330614686161124,-0.245570340229471,0.171006936140746,0.133919973747547,0.0683564486826191,-0.0976326031645109,0.093072839477158
"Evaporation",0.645910281020534,0.686875021436849,-0.0168001441926512,1,0.319733531472104,0.273276328154473,0.0694009525343277,0.0408221250308774,-0.520244791900651,-0.390128365988382,-0.371158773312383,-0.382414785392933,-0.11117876859877,-0.110823613982566,0.703483279887254,0.668503862690678,0.0757922438291834
"Sunshine",0.0292204536883061,0.453476787019962,-0.154580798714213,0.319733531472104,1,0.0871499775903706,-0.0648512783649808,0.0655956498894693,-0.498336603878347,-0.760942385506778,0.0163476881239896,-0.0269256199779501,-0.688459327171088,-0.662973208274299,0.215557453089082,0.472675243714696,-0.382262458941188
"WindGustSpeed",0.198151855618225,0.0885672838107443,0.0904941824911325,0.273276328154473,0.0871499775903706,1,0.527679462548173,0.694428276837227,-0.342872753029064,-0.0575628927513239,-0.526678523089005,-0.513143882444563,-0.0149433887251889,0.0503360702825214,0.236505051738363,0.0513233879636826,0.254011131394625
"WindSpeed9am",0.129732342948996,-0.216321537374416,0.225298143861285,0.0694009525343277,-0.0648512783649808,0.527679462548173,1,0.473694763160722,-0.268865288248761,0.149609289011966,-0.354668849712773,-0.244179409840546,0.103277485588331,-0.0212144501626323,0.0648974270318349,-0.234737436347622,0.0407030270810968
"WindSpeed3pm",-0.0863659309117778,-0.185232456023187,0.045619505613539,0.0408221250308774,0.0655956498894693,0.694428276837227,0.473694763160722,1,-0.271286203309937,-0.0206010056846633,-0.345995509792504,-0.321248098505581,-0.0351698298983421,0.00619549553815719,-0.0352526000429958,-0.205110667349142,-0.00938867745911836
"Humidity9am",-0.205012999036614,-0.359175279751457,0.149969216929792,-0.520244791900651,-0.498336603878347,-0.342872753029064,-0.268865288248761,-0.271286203309937,1,0.543593842314784,0.125495142942121,0.125857951648556,0.396590230214385,0.274796226111262,-0.433867902933507,-0.355676883740778,0.174180951272799
"Humidity3pm",-0.0388850647453037,-0.5350725155052,0.289866817856777,-0.390128365988382,-0.760942385506778,-0.0575628927513239,0.149609289011966,-0.0206010056846633,0.543593842314784,1,-0.107773872800402,-0.0272124967269801,0.550244526715826,0.519007020879147,-0.252727501801375,-0.583883827002087,0.36118187104994
"Pressure9am",-0.489930431220925,-0.274490407814457,-0.330614686161124,-0.371158773312383,0.0163476881239896,-0.526678523089005,-0.354668849712773,-0.345995509792504,0.125495142942121,-0.107773872800402,1,0.96660448551973,-0.155863068540978,-0.141709426083217,-0.447380425550641,-0.236701883816062,-0.300552955704216
"Pressure3pm",-0.486058594671801,-0.365461817200905,-0.245570340229471,-0.382414785392933,-0.0269256199779501,-0.513143882444563,-0.244179409840546,-0.321248098505581,0.125857951648556,-0.0272124967269801,0.96660448551973,1,-0.127459182602922,-0.144191377482,-0.481429318557061,-0.330822855863484,-0.323693375309247
"Cloud9am",0.207525892676913,-0.181573829793313,0.171006936140746,-0.11117876859877,-0.688459327171088,-0.0149433887251889,0.103277485588331,-0.0351698298983421,0.396590230214385,0.550244526715826,-0.155863068540978,-0.127459182602922,1,0.533035334081825,0.0127699588297274,-0.207812167897946,0.273442954734905
"Cloud3pm",0.110552687086098,-0.14913070806038,0.133919973747547,-0.110823613982566,-0.662973208274299,0.0503360702825214,-0.0212144501626323,0.00619549553815719,0.274796226111262,0.519007020879147,-0.141709426083217,-0.144191377482,0.533035334081825,1,0.0329366556069297,-0.187145348254173,0.326167730711677
"Temp9am",0.915643956853159,0.869727997032688,0.0683564486826191,0.703483279887254,0.215557453089082,0.236505051738363,0.0648974270318349,-0.0352526000429958,-0.433867902933507,-0.252727501801375,-0.447380425550641,-0.481429318557061,0.0127699588297274,0.0329366556069297,1,0.843836925417765,0.161798360779126
"Temp3pm",0.720308770760226,0.989104911485386,-0.0976326031645109,0.668503862690678,0.472675243714696,0.0513233879636826,-0.234737436347622,-0.205110667349142,-0.355676883740778,-0.583883827002087,-0.236701883816062,-0.330822855863484,-0.207812167897946,-0.187145348254173,0.843836925417765,1,-0.00749170566785202
"RISK_MM",0.216705594646045,0.0255976553147124,0.093072839477158,0.0757922438291834,-0.382262458941188,0.254011131394625,0.0407030270810968,-0.00938867745911836,0.174180951272799,0.36118187104994,-0.300552955704216,-0.323693375309247,0.273442954734905,0.326167730711677,0.161798360779126,-0.00749170566785202,1
